flow,fy_start,hs_code,commodity,prev_year_usd_mn,cur_year_usd_mn,growth_pct,header,pulled_on
exports,2024,02,MEAT AND EDIBLE MEAT OFFAL.,3832.6,4159.0,8.52,"S.No. | HSCode | Commodity | 2023 - 2024 | %Share | 2024 - 2025 | %Share | %Growth | 1 | 01 | LIVE ANIMALS. | 12.37 | 0.0028 | 19.70 | 0.0045 | 59.17 | India's Total Export | 437,072.03 |  | 437,704.58 |  | 0.14",2026-07-21
exports,2024,03,"FISH AND CRUSTACEANS, MOLLUSCS AND OTHER AQUATIC INVERTABRATES.",6124.21,6296.53,2.81,"S.No. | HSCode | Commodity | 2023 - 2024 | %Share | 2024 - 2025 | %Share | %Growth | 1 | 01 | LIVE ANIMALS. | 12.37 | 0.0028 | 19.70 | 0.0045 | 59.17 | India's Total Export | 437,072.03 |  | 437,704.58 |  | 0.14",2026-07-21
exports,2024,04,"DAIRY PRODUCE; BIRDS' EGGS; NATURAL HONEY; EDIBLE PROD. OF ANIMAL ORIGIN, NOT ELSEWHERE SPEC. OR INCLUDED.",624.77,853.99,36.69,"S.No. | HSCode | Commodity | 2023 - 2024 | %Share | 2024 - 2025 | %Share | %Growth | 1 | 01 | LIVE ANIMALS. | 12.37 | 0.0028 | 19.70 | 0.0045 | 59.17 | India's Total Export | 437,072.03 |  | 437,704.58 |  | 0.14",2026-07-21
exports,2024,05,"PRODUCTS OF ANIMAL ORIGIN, NOT ELSEWHERE SPECIFIED OR INCLUDED.",268.95,289.79,7.75,"S.No. | HSCode | Commodity | 2023 - 2024 | %Share | 2024 - 2025 | %Share | %Growth | 1 | 01 | LIVE ANIMALS. | 12.37 | 0.0028 | 19.70 | 0.0045 | 59.17 | India's Total Export | 437,072.03 |  | 437,704.58 |  | 0.14",2026-07-21
exports,2024,06,LIVE TREES AND OTHER PLANTS; BULBS; ROOTS AND THE LIKE; CUT FLOWERS AND ORNAMENTAL FOLIAGE.,86.7,88.58,2.17,"S.No. | HSCode | Commodity | 2023 - 2024 | %Share | 2024 - 2025 | %Share | %Growth | 1 | 01 | LIVE ANIMALS. | 12.37 | 0.0028 | 19.70 | 0.0045 | 59.17 | India's Total Export | 437,072.03 |  | 437,704.58 |  | 0.14",2026-07-21
exports,2024,07,EDIBLE VEGETABLES AND CERTAIN ROOTS AND TUBERS.,1940.68,2192.81,12.99,"S.No. | HSCode | Commodity | 2023 - 2024 | %Share | 2024 - 2025 | %Share | %Growth | 1 | 01 | LIVE ANIMALS. | 12.37 | 0.0028 | 19.70 | 0.0045 | 59.17 | India's Total Export | 437,072.03 |  | 437,704.58 |  | 0.14",2026-07-21
exports,2024,08,EDIBLE FRUIT AND NUTS; PEEL OR CITRUS FRUIT OR MELONS.,1637.12,1695.09,3.54,"S.No. | HSCode | Commodity | 2023 - 2024 | %Share | 2024 - 2025 | %Share | %Growth | 1 | 01 | LIVE ANIMALS. | 12.37 | 0.0028 | 19.70 | 0.0045 | 59.17 | India's Total Export | 437,072.03 |  | 437,704.58 |  | 0.14",2026-07-21
exports,2024,09,"COFFEE, TEA, MATE AND SPICES.",4738.58,5364.76,13.21,"S.No. | HSCode | Commodity | 2023 - 2024 | %Share | 2024 - 2025 | %Share | %Growth | 1 | 01 | LIVE ANIMALS. | 12.37 | 0.0028 | 19.70 | 0.0045 | 59.17 | India's Total Export | 437,072.03 |  | 437,704.58 |  | 0.14",2026-07-21
exports,2024,10,CEREALS.,10994.03,12752.39,15.99,"S.No. | HSCode | Commodity | 2023 - 2024 | %Share | 2024 - 2025 | %Share | %Growth | 1 | 01 | LIVE ANIMALS. | 12.37 | 0.0028 | 19.70 | 0.0045 | 59.17 | India's Total Export | 437,072.03 |  | 437,704.58 |  | 0.14",2026-07-21
exports,2024,11,PRODUCTS OF THE MILLING INDUSTRY; MALT; STARCHES; INULIN; WHEAT GLUTEN.,720.84,727.53,0.93,"S.No. | HSCode | Commodity | 2023 - 2024 | %Share | 2024 - 2025 | %Share | %Growth | 1 | 01 | LIVE ANIMALS. | 12.37 | 0.0028 | 19.70 | 0.0045 | 59.17 | India's Total Export | 437,072.03 |  | 437,704.58 |  | 0.14",2026-07-21
exports,2024,12,"OIL SEEDS AND OLEA. FRUITS; MISC. GRAINS, SEEDS AND FRUIT; INDUSTRIAL OR MEDICINAL PLANTS; STRAW AND FODDER.",2143.78,2127.85,-0.74,"S.No. | HSCode | Commodity | 2023 - 2024 | %Share | 2024 - 2025 | %Share | %Growth | 1 | 01 | LIVE ANIMALS. | 12.37 | 0.0028 | 19.70 | 0.0045 | 59.17 | India's Total Export | 437,072.03 |  | 437,704.58 |  | 0.14",2026-07-21
exports,2024,13,"LAC; GUMS, RESINS AND OTHER VEGETABLE SAPS AND EXTRACTS.",972.32,1127.65,15.98,"S.No. | HSCode | Commodity | 2023 - 2024 | %Share | 2024 - 2025 | %Share | %Growth | 1 | 01 | LIVE ANIMALS. | 12.37 | 0.0028 | 19.70 | 0.0045 | 59.17 | India's Total Export | 437,072.03 |  | 437,704.58 |  | 0.14",2026-07-21
exports,2024,14,VEGETABLE PLAITING MATERIALS; VEGETABLE PRODUCTS NOT ELSEWHERE SPECIFIED OR INCLUDED.,45.77,46.95,2.6,"S.No. | HSCode | Commodity | 2023 - 2024 | %Share | 2024 - 2025 | %Share | %Growth | 1 | 01 | LIVE ANIMALS. | 12.37 | 0.0028 | 19.70 | 0.0045 | 59.17 | India's Total Export | 437,072.03 |  | 437,704.58 |  | 0.14",2026-07-21
exports,2024,15,ANIMAL OR VEGETABLE FATS AND OILS AND THEIR CLEAVAGE PRODUCTS; PRE. EDIBLE FATS; ANIMAL OR VEGETABLE WAXEX.,1824.86,2040.77,11.83,"S.No. | HSCode | Commodity | 2023 - 2024 | %Share | 2024 - 2025 | %Share | %Growth | 1 | 01 | LIVE ANIMALS. | 12.37 | 0.0028 | 19.70 | 0.0045 | 59.17 | India's Total Export | 437,072.03 |  | 437,704.58 |  | 0.14",2026-07-21
exports,2024,16,"PREPARATIONS OF MEAT, OF FISH OR OF CRUSTACEANS, MOLLUSCS OR OTHER AQUATIC INVERTEBRATES",725.86,789.99,8.84,"S.No. | HSCode | Commodity | 2023 - 2024 | %Share | 2024 - 2025 | %Share | %Growth | 1 | 01 | LIVE ANIMALS. | 12.37 | 0.0028 | 19.70 | 0.0045 | 59.17 | India's Total Export | 437,072.03 |  | 437,704.58 |  | 0.14",2026-07-21
exports,2024,17,SUGARS AND SUGAR CONFECTIONERY.,3291.66,2501.44,-24.01,"S.No. | HSCode | Commodity | 2023 - 2024 | %Share | 2024 - 2025 | %Share | %Growth | 1 | 01 | LIVE ANIMALS. | 12.37 | 0.0028 | 19.70 | 0.0045 | 59.17 | India's Total Export | 437,072.03 |  | 437,704.58 |  | 0.14",2026-07-21
exports,2024,18,COCOA AND COCOA PREPARATIONS.,183.7,295.55,60.89,"S.No. | HSCode | Commodity | 2023 - 2024 | %Share | 2024 - 2025 | %Share | %Growth | 1 | 01 | LIVE ANIMALS. | 12.37 | 0.0028 | 19.70 | 0.0045 | 59.17 | India's Total Export | 437,072.03 |  | 437,704.58 |  | 0.14",2026-07-21
exports,2024,19,"PREPARATIONS OF CEREALS, FLOUR, STARCH OR MILK; PASTRYCOOKS PRODUCTS.",821.03,913.18,11.22,"S.No. | HSCode | Commodity | 2023 - 2024 | %Share | 2024 - 2025 | %Share | %Growth | 1 | 01 | LIVE ANIMALS. | 12.37 | 0.0028 | 19.70 | 0.0045 | 59.17 | India's Total Export | 437,072.03 |  | 437,704.58 |  | 0.14",2026-07-21
exports,2024,20,"PREPARATIONS OF VEGETABLES, FRUIT, NUTS OR OTHER PARTS OF PLANTS.",1155.64,1223.17,5.84,"S.No. | HSCode | Commodity | 2023 - 2024 | %Share | 2024 - 2025 | %Share | %Growth | 1 | 01 | LIVE ANIMALS. | 12.37 | 0.0028 | 19.70 | 0.0045 | 59.17 | India's Total Export | 437,072.03 |  | 437,704.58 |  | 0.14",2026-07-21
exports,2024,21,MISCELLANEOUS EDIBLE PREPARATIONS.,1469.42,1713.93,16.64,"S.No. | HSCode | Commodity | 2023 - 2024 | %Share | 2024 - 2025 | %Share | %Growth | 1 | 01 | LIVE ANIMALS. | 12.37 | 0.0028 | 19.70 | 0.0045 | 59.17 | India's Total Export | 437,072.03 |  | 437,704.58 |  | 0.14",2026-07-21
exports,2024,22,"BEVERAGES, SPIRITS AND VINEGAR.",451.66,452.59,0.2,"S.No. | HSCode | Commodity | 2023 - 2024 | %Share | 2024 - 2025 | %Share | %Growth | 1 | 01 | LIVE ANIMALS. | 12.37 | 0.0028 | 19.70 | 0.0045 | 59.17 | India's Total Export | 437,072.03 |  | 437,704.58 |  | 0.14",2026-07-21
exports,2024,23,RESIDUES AND WASTE FROM THE FOOD INDUSTRIES; PREPARED ANIMAL FODER.,2782.86,2215.0,-20.41,"S.No. | HSCode | Commodity | 2023 - 2024 | %Share | 2024 - 2025 | %Share | %Growth | 1 | 01 | LIVE ANIMALS. | 12.37 | 0.0028 | 19.70 | 0.0045 | 59.17 | India's Total Export | 437,072.03 |  | 437,704.58 |  | 0.14",2026-07-21
exports,2024,24,TOBACCO AND MANUFACTURED TOBACCO SUBSTITUTES.,1449.54,1979.0,36.53,"S.No. | HSCode | Commodity | 2023 - 2024 | %Share | 2024 - 2025 | %Share | %Growth | 1 | 01 | LIVE ANIMALS. | 12.37 | 0.0028 | 19.70 | 0.0045 | 59.17 | India's Total Export | 437,072.03 |  | 437,704.58 |  | 0.14",2026-07-21
exports,2024,25,"SALT; SULPHUR; EARTHS AND STONE; PLASTERING MATERIALS, LIME AND CEMENT.",2224.38,2038.57,-8.35,"S.No. | HSCode | Commodity | 2023 - 2024 | %Share | 2024 - 2025 | %Share | %Growth | 1 | 01 | LIVE ANIMALS. | 12.37 | 0.0028 | 19.70 | 0.0045 | 59.17 | India's Total Export | 437,072.03 |  | 437,704.58 |  | 0.14",2026-07-21
exports,2024,26,"ORES, SLAG AND ASH.",4267.07,2350.83,-44.91,"S.No. | HSCode | Commodity | 2023 - 2024 | %Share | 2024 - 2025 | %Share | %Growth | 1 | 01 | LIVE ANIMALS. | 12.37 | 0.0028 | 19.70 | 0.0045 | 59.17 | India's Total Export | 437,072.03 |  | 437,704.58 |  | 0.14",2026-07-21
exports,2024,27,"MINERAL FUELS, MINERAL OILS AND PRODUCTS OF THEIR DISTILLATION; BITUMINOUS SUBSTANCES; MINERAL WAXES.",87602.38,67045.98,-23.47,"S.No. | HSCode | Commodity | 2023 - 2024 | %Share | 2024 - 2025 | %Share | %Growth | 1 | 01 | LIVE ANIMALS. | 12.37 | 0.0028 | 19.70 | 0.0045 | 59.17 | India's Total Export | 437,072.03 |  | 437,704.58 |  | 0.14",2026-07-21
exports,2024,28,"INORGANIC CHEMICALS; ORGANIC OR INORGANIC COMPOUNDS OF PRECIOUS METALS, OF RARE-EARTH METALS, OR RADI. ELEM. OR OF ISOTOPES.",3205.71,4059.74,26.64,"S.No. | HSCode | Commodity | 2023 - 2024 | %Share | 2024 - 2025 | %Share | %Growth | 1 | 01 | LIVE ANIMALS. | 12.37 | 0.0028 | 19.70 | 0.0045 | 59.17 | India's Total Export | 437,072.03 |  | 437,704.58 |  | 0.14",2026-07-21
exports,2024,29,ORGANIC CHEMICALS,20311.5,20120.69,-0.94,"S.No. | HSCode | Commodity | 2023 - 2024 | %Share | 2024 - 2025 | %Share | %Growth | 1 | 01 | LIVE ANIMALS. | 12.37 | 0.0028 | 19.70 | 0.0045 | 59.17 | India's Total Export | 437,072.03 |  | 437,704.58 |  | 0.14",2026-07-21
exports,2024,30,PHARMACEUTICAL PRODUCTS,22105.85,24577.81,11.18,"S.No. | HSCode | Commodity | 2023 - 2024 | %Share | 2024 - 2025 | %Share | %Growth | 1 | 01 | LIVE ANIMALS. | 12.37 | 0.0028 | 19.70 | 0.0045 | 59.17 | India's Total Export | 437,072.03 |  | 437,704.58 |  | 0.14",2026-07-21
exports,2024,31,FERTILISERS.,130.06,162.11,24.64,"S.No. | HSCode | Commodity | 2023 - 2024 | %Share | 2024 - 2025 | %Share | %Growth | 1 | 01 | LIVE ANIMALS. | 12.37 | 0.0028 | 19.70 | 0.0045 | 59.17 | India's Total Export | 437,072.03 |  | 437,704.58 |  | 0.14",2026-07-21
exports,2024,32,"TANNING OR DYEING EXTRACTS; TANNINS AND THEIR DERI. DYES, PIGMENTS AND OTHER COLOURING MATTER; PAINTS AND VER; PUTTY AND OTHER MASTICS; INKS.",3983.33,3561.36,-10.59,"S.No. | HSCode | Commodity | 2023 - 2024 | %Share | 2024 - 2025 | %Share | %Growth | 1 | 01 | LIVE ANIMALS. | 12.37 | 0.0028 | 19.70 | 0.0045 | 59.17 | India's Total Export | 437,072.03 |  | 437,704.58 |  | 0.14",2026-07-21
exports,2024,33,"ESSENTIAL OILS AND RESINOIDS; PERFUMERY, COSMETIC OR TOILET PREPARATIONS.",2963.18,2703.54,-8.76,"S.No. | HSCode | Commodity | 2023 - 2024 | %Share | 2024 - 2025 | %Share | %Growth | 1 | 01 | LIVE ANIMALS. | 12.37 | 0.0028 | 19.70 | 0.0045 | 59.17 | India's Total Export | 437,072.03 |  | 437,704.58 |  | 0.14",2026-07-21
exports,2024,34,"SOAP, ORGANIC SURFACE-ACTIVE AGENTS, WASHING PREPARATIONS, LUBRICATING PREPARATIONS, ARTIFICIAL WAXES, PREPARED WAXES, POLISHING OR SCOURING PREP.",995.42,1077.3,8.23,"S.No. | HSCode | Commodity | 2023 - 2024 | %Share | 2024 - 2025 | %Share | %Growth | 1 | 01 | LIVE ANIMALS. | 12.37 | 0.0028 | 19.70 | 0.0045 | 59.17 | India's Total Export | 437,072.03 |  | 437,704.58 |  | 0.14",2026-07-21
exports,2024,35,ALBUMINOIDAL SUBSTANCES; MODIFIED STARCHES; GLUES; ENZYMES.,378.21,397.0,4.97,"S.No. | HSCode | Commodity | 2023 - 2024 | %Share | 2024 - 2025 | %Share | %Growth | 1 | 01 | LIVE ANIMALS. | 12.37 | 0.0028 | 19.70 | 0.0045 | 59.17 | India's Total Export | 437,072.03 |  | 437,704.58 |  | 0.14",2026-07-21
exports,2024,36,EXPLOSIVES; PYROTECHNIC PRODUCTS; MATCHES; PYROPHORIC ALLOYS; CERTAIN COMBUSTIBLE PREPARATIONS.,235.25,383.07,62.84,"S.No. | HSCode | Commodity | 2023 - 2024 | %Share | 2024 - 2025 | %Share | %Growth | 1 | 01 | LIVE ANIMALS. | 12.37 | 0.0028 | 19.70 | 0.0045 | 59.17 | India's Total Export | 437,072.03 |  | 437,704.58 |  | 0.14",2026-07-21
exports,2024,37,PHOTOGRAPHIC OR CINEMATOGRAPHIC GOODS.,15.07,19.91,32.18,"S.No. | HSCode | Commodity | 2023 - 2024 | %Share | 2024 - 2025 | %Share | %Growth | 1 | 01 | LIVE ANIMALS. | 12.37 | 0.0028 | 19.70 | 0.0045 | 59.17 | India's Total Export | 437,072.03 |  | 437,704.58 |  | 0.14",2026-07-21
exports,2024,38,MISCELLANEOUS CHEMICAL PRODUCTS.,6577.08,6972.75,6.02,"S.No. | HSCode | Commodity | 2023 - 2024 | %Share | 2024 - 2025 | %Share | %Growth | 1 | 01 | LIVE ANIMALS. | 12.37 | 0.0028 | 19.70 | 0.0045 | 59.17 | India's Total Export | 437,072.03 |  | 437,704.58 |  | 0.14",2026-07-21
exports,2024,39,PLASTIC AND ARTICLES THEREOF.,7381.3,8158.21,10.53,"S.No. | HSCode | Commodity | 2023 - 2024 | %Share | 2024 - 2025 | %Share | %Growth | 1 | 01 | LIVE ANIMALS. | 12.37 | 0.0028 | 19.70 | 0.0045 | 59.17 | India's Total Export | 437,072.03 |  | 437,704.58 |  | 0.14",2026-07-21
exports,2024,40,RUBBER AND ARTICLES THEREOF.,4575.93,4862.41,6.26,"S.No. | HSCode | Commodity | 2023 - 2024 | %Share | 2024 - 2025 | %Share | %Growth | 1 | 01 | LIVE ANIMALS. | 12.37 | 0.0028 | 19.70 | 0.0045 | 59.17 | India's Total Export | 437,072.03 |  | 437,704.58 |  | 0.14",2026-07-21
exports,2024,41,RAW HIDES AND SKINS (OTHER THAN FURSKINS) AND LEATHER,448.74,446.68,-0.46,"S.No. | HSCode | Commodity | 2023 - 2024 | %Share | 2024 - 2025 | %Share | %Growth | 1 | 01 | LIVE ANIMALS. | 12.37 | 0.0028 | 19.70 | 0.0045 | 59.17 | India's Total Export | 437,072.03 |  | 437,704.58 |  | 0.14",2026-07-21
exports,2024,42,"ARTICLES OF LEATHER,SADDLERY AND HARNESS;TRAVEL GOODS, HANDBAGS AND SIMILAR CONT.ARTICLES OF ANIMAL GUT(OTHR THN SILK-WRM)GUT.",2446.99,2622.47,7.17,"S.No. | HSCode | Commodity | 2023 - 2024 | %Share | 2024 - 2025 | %Share | %Growth | 1 | 01 | LIVE ANIMALS. | 12.37 | 0.0028 | 19.70 | 0.0045 | 59.17 | India's Total Export | 437,072.03 |  | 437,704.58 |  | 0.14",2026-07-21
exports,2024,43,"FURSKINS AND ARTIFICIAL FUR, MANUFACTURES THEREOF.",11.86,7.23,-39.01,"S.No. | HSCode | Commodity | 2023 - 2024 | %Share | 2024 - 2025 | %Share | %Growth | 1 | 01 | LIVE ANIMALS. | 12.37 | 0.0028 | 19.70 | 0.0045 | 59.17 | India's Total Export | 437,072.03 |  | 437,704.58 |  | 0.14",2026-07-21
exports,2024,44,WOOD AND ARTICLES OF WOOD; WOOD CHARCOAL.,621.05,590.23,-4.96,"S.No. | HSCode | Commodity | 2023 - 2024 | %Share | 2024 - 2025 | %Share | %Growth | 1 | 01 | LIVE ANIMALS. | 12.37 | 0.0028 | 19.70 | 0.0045 | 59.17 | India's Total Export | 437,072.03 |  | 437,704.58 |  | 0.14",2026-07-21
exports,2024,45,CORK AND ARTICLES OF CORK.,5.29,4.94,-6.64,"S.No. | HSCode | Commodity | 2023 - 2024 | %Share | 2024 - 2025 | %Share | %Growth | 1 | 01 | LIVE ANIMALS. | 12.37 | 0.0028 | 19.70 | 0.0045 | 59.17 | India's Total Export | 437,072.03 |  | 437,704.58 |  | 0.14",2026-07-21
exports,2024,46,"MANUFACTURES OF STRAW, OF ESPARTO OR OF OTHER PLAITING MATERIALS; BASKETWARE AND WICKERWORK.",68.73,71.31,3.75,"S.No. | HSCode | Commodity | 2023 - 2024 | %Share | 2024 - 2025 | %Share | %Growth | 1 | 01 | LIVE ANIMALS. | 12.37 | 0.0028 | 19.70 | 0.0045 | 59.17 | India's Total Export | 437,072.03 |  | 437,704.58 |  | 0.14",2026-07-21
exports,2024,47,PULP OF WOOD OR OF OTHER FIBROUS CELLULOSIC MATERIAL; WASTE AND SCRAP OF PAPER OR PAPERBOARD.,8.89,6.28,-29.35,"S.No. | HSCode | Commodity | 2023 - 2024 | %Share | 2024 - 2025 | %Share | %Growth | 1 | 01 | LIVE ANIMALS. | 12.37 | 0.0028 | 19.70 | 0.0045 | 59.17 | India's Total Export | 437,072.03 |  | 437,704.58 |  | 0.14",2026-07-21
exports,2024,48,"PAPER AND PAPERBOARD; ARTICLES OF PAPER PULP, OF PAPER OR OF PAPERBOARD.",2625.46,2626.47,0.04,"S.No. | HSCode | Commodity | 2023 - 2024 | %Share | 2024 - 2025 | %Share | %Growth | 1 | 01 | LIVE ANIMALS. | 12.37 | 0.0028 | 19.70 | 0.0045 | 59.17 | India's Total Export | 437,072.03 |  | 437,704.58 |  | 0.14",2026-07-21
exports,2024,49,"PRINTED BOOKDS, NEWSPAPERS, PICTURES AND OTHER PRODUCTS OF THE PRINTING INDUSTRY; MANUSCRIPTS, TYPESCRIPTS AND PLANS.",430.26,434.86,1.07,"S.No. | HSCode | Commodity | 2023 - 2024 | %Share | 2024 - 2025 | %Share | %Growth | 1 | 01 | LIVE ANIMALS. | 12.37 | 0.0028 | 19.70 | 0.0045 | 59.17 | India's Total Export | 437,072.03 |  | 437,704.58 |  | 0.14",2026-07-21
exports,2024,50,SILK,124.06,162.72,31.17,"S.No. | HSCode | Commodity | 2023 - 2024 | %Share | 2024 - 2025 | %Share | %Growth | 1 | 01 | LIVE ANIMALS. | 12.37 | 0.0028 | 19.70 | 0.0045 | 59.17 | India's Total Export | 437,072.03 |  | 437,704.58 |  | 0.14",2026-07-21
exports,2024,51,"WOOL, FINE OR COARSE ANIMAL HAIR, HORSEHAIR YARN AND WOVEN FABRIC.",165.29,135.12,-18.25,"S.No. | HSCode | Commodity | 2023 - 2024 | %Share | 2024 - 2025 | %Share | %Growth | 1 | 01 | LIVE ANIMALS. | 12.37 | 0.0028 | 19.70 | 0.0045 | 59.17 | India's Total Export | 437,072.03 |  | 437,704.58 |  | 0.14",2026-07-21
exports,2024,52,COTTON.,6780.81,6333.99,-6.59,"S.No. | HSCode | Commodity | 2023 - 2024 | %Share | 2024 - 2025 | %Share | %Growth | 1 | 01 | LIVE ANIMALS. | 12.37 | 0.0028 | 19.70 | 0.0045 | 59.17 | India's Total Export | 437,072.03 |  | 437,704.58 |  | 0.14",2026-07-21
exports,2024,53,OTHER VEGETABLE TEXTILE FIBRES; PAPER YARN AND WOVEN FABRICS OF PAPER YARN.,473.21,610.12,28.93,"S.No. | HSCode | Commodity | 2023 - 2024 | %Share | 2024 - 2025 | %Share | %Growth | 1 | 01 | LIVE ANIMALS. | 12.37 | 0.0028 | 19.70 | 0.0045 | 59.17 | India's Total Export | 437,072.03 |  | 437,704.58 |  | 0.14",2026-07-21
exports,2024,54,MAN-MADE FILAMENTS.,1760.99,1769.75,0.5,"S.No. | HSCode | Commodity | 2023 - 2024 | %Share | 2024 - 2025 | %Share | %Growth | 1 | 01 | LIVE ANIMALS. | 12.37 | 0.0028 | 19.70 | 0.0045 | 59.17 | India's Total Export | 437,072.03 |  | 437,704.58 |  | 0.14",2026-07-21
exports,2024,55,MAN-MADE STAPLE FIBRES.,1639.25,1613.32,-1.58,"S.No. | HSCode | Commodity | 2023 - 2024 | %Share | 2024 - 2025 | %Share | %Growth | 1 | 01 | LIVE ANIMALS. | 12.37 | 0.0028 | 19.70 | 0.0045 | 59.17 | India's Total Export | 437,072.03 |  | 437,704.58 |  | 0.14",2026-07-21
exports,2024,56,"WADDING, FELT AND NONWOVENS; SPACIAL YARNS; TWINE, CORDAGE, ROPES AND CABLES AND ARTICLES THEREOF.",574.88,666.25,15.89,"S.No. | HSCode | Commodity | 2023 - 2024 | %Share | 2024 - 2025 | %Share | %Growth | 1 | 01 | LIVE ANIMALS. | 12.37 | 0.0028 | 19.70 | 0.0045 | 59.17 | India's Total Export | 437,072.03 |  | 437,704.58 |  | 0.14",2026-07-21
exports,2024,57,CARPETS AND OTHER TEXTILE FLOOR COVERINGS.,1875.56,2097.72,11.85,"S.No. | HSCode | Commodity | 2023 - 2024 | %Share | 2024 - 2025 | %Share | %Growth | 1 | 01 | LIVE ANIMALS. | 12.37 | 0.0028 | 19.70 | 0.0045 | 59.17 | India's Total Export | 437,072.03 |  | 437,704.58 |  | 0.14",2026-07-21
exports,2024,58,SPECIAL WOVEN FABRICS; TUFTED TEXTILE FABRICS; LACE; TAPESTRIES; TRIMMINGS; EMBROIDERY.,360.12,367.47,2.04,"S.No. | HSCode | Commodity | 2023 - 2024 | %Share | 2024 - 2025 | %Share | %Growth | 1 | 01 | LIVE ANIMALS. | 12.37 | 0.0028 | 19.70 | 0.0045 | 59.17 | India's Total Export | 437,072.03 |  | 437,704.58 |  | 0.14",2026-07-21
exports,2024,59,"IMPREGNATED, COATED, COVERED OR LAMINATED TEXTILE FABRICS; TEXTILE ARTICLES OF A KIND SUITABLE FOR INDUSTRIAL USE.",479.48,503.46,5.0,"S.No. | HSCode | Commodity | 2023 - 2024 | %Share | 2024 - 2025 | %Share | %Growth | 1 | 01 | LIVE ANIMALS. | 12.37 | 0.0028 | 19.70 | 0.0045 | 59.17 | India's Total Export | 437,072.03 |  | 437,704.58 |  | 0.14",2026-07-21
exports,2024,60,KNITTED OR CROCHETED FABRICS.,471.97,590.93,25.21,"S.No. | HSCode | Commodity | 2023 - 2024 | %Share | 2024 - 2025 | %Share | %Growth | 1 | 01 | LIVE ANIMALS. | 12.37 | 0.0028 | 19.70 | 0.0045 | 59.17 | India's Total Export | 437,072.03 |  | 437,704.58 |  | 0.14",2026-07-21
exports,2024,61,"ARTICLES OF APPAREL AND CLOTHING ACCESSORIES, KNITTED OR CORCHETED.",6740.59,7703.9,14.29,"S.No. | HSCode | Commodity | 2023 - 2024 | %Share | 2024 - 2025 | %Share | %Growth | 1 | 01 | LIVE ANIMALS. | 12.37 | 0.0028 | 19.70 | 0.0045 | 59.17 | India's Total Export | 437,072.03 |  | 437,704.58 |  | 0.14",2026-07-21
exports,2024,62,"ARTICLES OF APPAREL AND CLOTHING ACCESSORIES, NOT KNITTED OR CROCHETED.",7804.44,8303.15,6.39,"S.No. | HSCode | Commodity | 2023 - 2024 | %Share | 2024 - 2025 | %Share | %Growth | 1 | 01 | LIVE ANIMALS. | 12.37 | 0.0028 | 19.70 | 0.0045 | 59.17 | India's Total Export | 437,072.03 |  | 437,704.58 |  | 0.14",2026-07-21
exports,2024,63,OTHER MADE UP TEXTILE ARTICLES; SETS; WORN CLOTHING AND WORN TEXTILE ARTICLES; RAGS,5586.2,6103.14,9.25,"S.No. | HSCode | Commodity | 2023 - 2024 | %Share | 2024 - 2025 | %Share | %Growth | 1 | 01 | LIVE ANIMALS. | 12.37 | 0.0028 | 19.70 | 0.0045 | 59.17 | India's Total Export | 437,072.03 |  | 437,704.58 |  | 0.14",2026-07-21
exports,2024,64,"FOOTWEAR, GAITERS AND THE LIKE; PARTS OF SUCH ARTICLES.",2490.06,2504.85,0.59,"S.No. | HSCode | Commodity | 2023 - 2024 | %Share | 2024 - 2025 | %Share | %Growth | 1 | 01 | LIVE ANIMALS. | 12.37 | 0.0028 | 19.70 | 0.0045 | 59.17 | India's Total Export | 437,072.03 |  | 437,704.58 |  | 0.14",2026-07-21
exports,2024,65,HEADGEAR AND PARTS THEREOF.,96.25,91.8,-4.63,"S.No. | HSCode | Commodity | 2023 - 2024 | %Share | 2024 - 2025 | %Share | %Growth | 1 | 01 | LIVE ANIMALS. | 12.37 | 0.0028 | 19.70 | 0.0045 | 59.17 | India's Total Export | 437,072.03 |  | 437,704.58 |  | 0.14",2026-07-21
exports,2024,66,"UMBRELLAS, SUN UMBRELLAS, WALKING-STICKS, SEAT-STICKS, WHIPS,RIDING-CROPS AND PARTS THEREOF.",4.52,5.29,16.93,"S.No. | HSCode | Commodity | 2023 - 2024 | %Share | 2024 - 2025 | %Share | %Growth | 1 | 01 | LIVE ANIMALS. | 12.37 | 0.0028 | 19.70 | 0.0045 | 59.17 | India's Total Export | 437,072.03 |  | 437,704.58 |  | 0.14",2026-07-21
exports,2024,67,PREPARED FEATHERS AND DOWN AND ARTICLES MADE OF FEATHERS OR OF DOWN; ARTIFICIAL FLOWERS; ARTICLES OF HUMAN HAIR.,587.66,600.24,2.14,"S.No. | HSCode | Commodity | 2023 - 2024 | %Share | 2024 - 2025 | %Share | %Growth | 1 | 01 | LIVE ANIMALS. | 12.37 | 0.0028 | 19.70 | 0.0045 | 59.17 | India's Total Export | 437,072.03 |  | 437,704.58 |  | 0.14",2026-07-21
exports,2024,68,"ARTICLES OF STONE, PLASTER, CEMENT, ASBESTOS, MICA OR SIMILAR MATERIALS.",2073.0,2213.21,6.76,"S.No. | HSCode | Commodity | 2023 - 2024 | %Share | 2024 - 2025 | %Share | %Growth | 1 | 01 | LIVE ANIMALS. | 12.37 | 0.0028 | 19.70 | 0.0045 | 59.17 | India's Total Export | 437,072.03 |  | 437,704.58 |  | 0.14",2026-07-21
exports,2024,69,CERAMIC PRODUCTS.,3048.78,2723.34,-10.67,"S.No. | HSCode | Commodity | 2023 - 2024 | %Share | 2024 - 2025 | %Share | %Growth | 1 | 01 | LIVE ANIMALS. | 12.37 | 0.0028 | 19.70 | 0.0045 | 59.17 | India's Total Export | 437,072.03 |  | 437,704.58 |  | 0.14",2026-07-21
exports,2024,70,GLASS AND GLASSWARE.,1104.75,1143.44,3.5,"S.No. | HSCode | Commodity | 2023 - 2024 | %Share | 2024 - 2025 | %Share | %Growth | 1 | 01 | LIVE ANIMALS. | 12.37 | 0.0028 | 19.70 | 0.0045 | 59.17 | India's Total Export | 437,072.03 |  | 437,704.58 |  | 0.14",2026-07-21
exports,2024,71,"NATURAL OR CULTURED PEARLS,PRECIOUS OR SEMIPRECIOUS STONES,PRE.METALS,CLAD WITH PRE.METAL AND ARTCLS THEREOF;IMIT.JEWLRY;COIN.",32853.1,29958.41,-8.81,"S.No. | HSCode | Commodity | 2023 - 2024 | %Share | 2024 - 2025 | %Share | %Growth | 1 | 01 | LIVE ANIMALS. | 12.37 | 0.0028 | 19.70 | 0.0045 | 59.17 | India's Total Export | 437,072.03 |  | 437,704.58 |  | 0.14",2026-07-21
exports,2024,72,IRON AND STEEL,11859.36,9251.07,-21.99,"S.No. | HSCode | Commodity | 2023 - 2024 | %Share | 2024 - 2025 | %Share | %Growth | 1 | 01 | LIVE ANIMALS. | 12.37 | 0.0028 | 19.70 | 0.0045 | 59.17 | India's Total Export | 437,072.03 |  | 437,704.58 |  | 0.14",2026-07-21
exports,2024,73,ARTICLES OF IRON OR STEEL,9939.1,10179.39,2.42,"S.No. | HSCode | Commodity | 2023 - 2024 | %Share | 2024 - 2025 | %Share | %Growth | 1 | 01 | LIVE ANIMALS. | 12.37 | 0.0028 | 19.70 | 0.0045 | 59.17 | India's Total Export | 437,072.03 |  | 437,704.58 |  | 0.14",2026-07-21
exports,2024,74,COPPER AND ARTICLES THEREOF.,2314.42,2073.65,-10.4,"S.No. | HSCode | Commodity | 2023 - 2024 | %Share | 2024 - 2025 | %Share | %Growth | 1 | 01 | LIVE ANIMALS. | 12.37 | 0.0028 | 19.70 | 0.0045 | 59.17 | India's Total Export | 437,072.03 |  | 437,704.58 |  | 0.14",2026-07-21
exports,2024,75,NICKEL AND ARTICLES THEREOF.,165.13,188.63,14.23,"S.No. | HSCode | Commodity | 2023 - 2024 | %Share | 2024 - 2025 | %Share | %Growth | 1 | 01 | LIVE ANIMALS. | 12.37 | 0.0028 | 19.70 | 0.0045 | 59.17 | India's Total Export | 437,072.03 |  | 437,704.58 |  | 0.14",2026-07-21
exports,2024,76,ALUMINIUM AND ARTICLES THEREOF.,7651.25,6826.06,-10.79,"S.No. | HSCode | Commodity | 2023 - 2024 | %Share | 2024 - 2025 | %Share | %Growth | 1 | 01 | LIVE ANIMALS. | 12.37 | 0.0028 | 19.70 | 0.0045 | 59.17 | India's Total Export | 437,072.03 |  | 437,704.58 |  | 0.14",2026-07-21
exports,2024,78,LEAD AND ARTICLES THEREOF.,780.49,945.66,21.16,"S.No. | HSCode | Commodity | 2023 - 2024 | %Share | 2024 - 2025 | %Share | %Growth | 1 | 01 | LIVE ANIMALS. | 12.37 | 0.0028 | 19.70 | 0.0045 | 59.17 | India's Total Export | 437,072.03 |  | 437,704.58 |  | 0.14",2026-07-21
exports,2024,79,ZINC AND ARTICLES THEREOF.,727.36,740.49,1.8,"S.No. | HSCode | Commodity | 2023 - 2024 | %Share | 2024 - 2025 | %Share | %Growth | 1 | 01 | LIVE ANIMALS. | 12.37 | 0.0028 | 19.70 | 0.0045 | 59.17 | India's Total Export | 437,072.03 |  | 437,704.58 |  | 0.14",2026-07-21
exports,2024,80,TIN AND ARTICLES THEREOF.,16.6,23.91,44.07,"S.No. | HSCode | Commodity | 2023 - 2024 | %Share | 2024 - 2025 | %Share | %Growth | 1 | 01 | LIVE ANIMALS. | 12.37 | 0.0028 | 19.70 | 0.0045 | 59.17 | India's Total Export | 437,072.03 |  | 437,704.58 |  | 0.14",2026-07-21
exports,2024,81,OTHER BASE METALS; CERMETS; ARTICLES THEREOF.,101.38,152.58,50.51,"S.No. | HSCode | Commodity | 2023 - 2024 | %Share | 2024 - 2025 | %Share | %Growth | 1 | 01 | LIVE ANIMALS. | 12.37 | 0.0028 | 19.70 | 0.0045 | 59.17 | India's Total Export | 437,072.03 |  | 437,704.58 |  | 0.14",2026-07-21
exports,2024,82,"TOOLS IMPLEMENTS, CUTLERY, SPOONS AND FORKS, OF BASE METAL; PARTS THEREOF OF BASE METAL.",1055.57,1181.2,11.9,"S.No. | HSCode | Commodity | 2023 - 2024 | %Share | 2024 - 2025 | %Share | %Growth | 1 | 01 | LIVE ANIMALS. | 12.37 | 0.0028 | 19.70 | 0.0045 | 59.17 | India's Total Export | 437,072.03 |  | 437,704.58 |  | 0.14",2026-07-21
exports,2024,83,MISCELLANEOUS ARTICLES OF BASE METAL.,881.88,971.7,10.19,"S.No. | HSCode | Commodity | 2023 - 2024 | %Share | 2024 - 2025 | %Share | %Growth | 1 | 01 | LIVE ANIMALS. | 12.37 | 0.0028 | 19.70 | 0.0045 | 59.17 | India's Total Export | 437,072.03 |  | 437,704.58 |  | 0.14",2026-07-21
exports,2024,84,"NUCLEAR REACTORS, BOILERS, MACHINERY AND MECHANICAL APPLIANCES; PARTS THEREOF.",30057.07,33475.25,11.37,"S.No. | HSCode | Commodity | 2023 - 2024 | %Share | 2024 - 2025 | %Share | %Growth | 1 | 01 | LIVE ANIMALS. | 12.37 | 0.0028 | 19.70 | 0.0045 | 59.17 | India's Total Export | 437,072.03 |  | 437,704.58 |  | 0.14",2026-07-21
exports,2024,85,"ELECTRICAL MACHINERY AND EQUIPMENT AND PARTS THEREOF; SOUND RECORDERS AND REPRODUCERS, TELEVISION IMAGE AND SOUND RECORDERS AND REPRODUCERS,AND PARTS.",34412.52,44049.59,28.0,"S.No. | HSCode | Commodity | 2023 - 2024 | %Share | 2024 - 2025 | %Share | %Growth | 1 | 01 | LIVE ANIMALS. | 12.37 | 0.0028 | 19.70 | 0.0045 | 59.17 | India's Total Export | 437,072.03 |  | 437,704.58 |  | 0.14",2026-07-21
exports,2024,86,"RAILWAY OR TRAMWAY LOCOMOTIVES, ROLLING-STOCK AND PARTS THEREOF; RAILWAY OR TRAMWAY TRACK FIXTURES AND FITTINGS AND PARTS THEREOF; MECHANICAL",315.16,357.11,13.31,"S.No. | HSCode | Commodity | 2023 - 2024 | %Share | 2024 - 2025 | %Share | %Growth | 1 | 01 | LIVE ANIMALS. | 12.37 | 0.0028 | 19.70 | 0.0045 | 59.17 | India's Total Export | 437,072.03 |  | 437,704.58 |  | 0.14",2026-07-21
exports,2024,87,"VEHICLES OTHER THAN RAILWAY OR TRAMWAY ROLLING STOCK, AND PARTS AND ACCESSORIES THEREOF.",20889.3,22648.38,8.42,"S.No. | HSCode | Commodity | 2023 - 2024 | %Share | 2024 - 2025 | %Share | %Growth | 1 | 01 | LIVE ANIMALS. | 12.37 | 0.0028 | 19.70 | 0.0045 | 59.17 | India's Total Export | 437,072.03 |  | 437,704.58 |  | 0.14",2026-07-21
exports,2024,88,"AIRCRAFT, SPACECRAFT, AND PARTS THEREOF.",3243.26,6964.43,114.74,"S.No. | HSCode | Commodity | 2023 - 2024 | %Share | 2024 - 2025 | %Share | %Growth | 1 | 01 | LIVE ANIMALS. | 12.37 | 0.0028 | 19.70 | 0.0045 | 59.17 | India's Total Export | 437,072.03 |  | 437,704.58 |  | 0.14",2026-07-21
exports,2024,89,"SHIPS, BOATS AND FLOATING STRUCTURES.",4059.52,4295.58,5.81,"S.No. | HSCode | Commodity | 2023 - 2024 | %Share | 2024 - 2025 | %Share | %Growth | 1 | 01 | LIVE ANIMALS. | 12.37 | 0.0028 | 19.70 | 0.0045 | 59.17 | India's Total Export | 437,072.03 |  | 437,704.58 |  | 0.14",2026-07-21
exports,2024,90,"OPTICAL, PHOTOGRAPHIC CINEMATOGRAPHIC MEASURING, CHECKING PRECISION, MEDICAL OR SURGICAL INST. AND APPARATUS PARTS AND ACCESSORIES THEREOF;",4990.43,5285.24,5.91,"S.No. | HSCode | Commodity | 2023 - 2024 | %Share | 2024 - 2025 | %Share | %Growth | 1 | 01 | LIVE ANIMALS. | 12.37 | 0.0028 | 19.70 | 0.0045 | 59.17 | India's Total Export | 437,072.03 |  | 437,704.58 |  | 0.14",2026-07-21
exports,2024,91,CLOCKS AND WATCHES AND PARTS THEREOF.,92.0,72.39,-21.32,"S.No. | HSCode | Commodity | 2023 - 2024 | %Share | 2024 - 2025 | %Share | %Growth | 1 | 01 | LIVE ANIMALS. | 12.37 | 0.0028 | 19.70 | 0.0045 | 59.17 | India's Total Export | 437,072.03 |  | 437,704.58 |  | 0.14",2026-07-21
exports,2024,92,MUSICAL INSTRUMENTS; PARTS AND ACCESSORIES OF SUCH ARTICLES.,45.35,46.24,1.97,"S.No. | HSCode | Commodity | 2023 - 2024 | %Share | 2024 - 2025 | %Share | %Growth | 1 | 01 | LIVE ANIMALS. | 12.37 | 0.0028 | 19.70 | 0.0045 | 59.17 | India's Total Export | 437,072.03 |  | 437,704.58 |  | 0.14",2026-07-21
exports,2024,93,ARMS AND AMMUNITION; PARTS AND ACCESSORIES THEREOF.,342.63,567.21,65.55,"S.No. | HSCode | Commodity | 2023 - 2024 | %Share | 2024 - 2025 | %Share | %Growth | 1 | 01 | LIVE ANIMALS. | 12.37 | 0.0028 | 19.70 | 0.0045 | 59.17 | India's Total Export | 437,072.03 |  | 437,704.58 |  | 0.14",2026-07-21
exports,2024,94,"FURNITURE; BEDDING, MATTRESSES, MATTRESS SUPPORTS, CUSHIONS AND SIMILAR STUFFED FURNISHING; LAMPS AND LIGHTING FITTINGS NOT ELSEWHERE SPECIFIED OR INC",2416.81,2557.55,5.82,"S.No. | HSCode | Commodity | 2023 - 2024 | %Share | 2024 - 2025 | %Share | %Growth | 1 | 01 | LIVE ANIMALS. | 12.37 | 0.0028 | 19.70 | 0.0045 | 59.17 | India's Total Export | 437,072.03 |  | 437,704.58 |  | 0.14",2026-07-21
exports,2024,95,"TOYS, GAMES AND SPORTS REQUISITES; PARTS AND ACCESSORIES THEREOF.",523.24,570.95,9.12,"S.No. | HSCode | Commodity | 2023 - 2024 | %Share | 2024 - 2025 | %Share | %Growth | 1 | 01 | LIVE ANIMALS. | 12.37 | 0.0028 | 19.70 | 0.0045 | 59.17 | India's Total Export | 437,072.03 |  | 437,704.58 |  | 0.14",2026-07-21
exports,2024,96,MISCELLANEOUS MANUFACTURED ARTICLES.,723.42,733.11,1.34,"S.No. | HSCode | Commodity | 2023 - 2024 | %Share | 2024 - 2025 | %Share | %Growth | 1 | 01 | LIVE ANIMALS. | 12.37 | 0.0028 | 19.70 | 0.0045 | 59.17 | India's Total Export | 437,072.03 |  | 437,704.58 |  | 0.14",2026-07-21
exports,2024,97,WORKS OF ART COLLECTORS' PIECES AND ANTIQUES.,337.15,159.57,-52.67,"S.No. | HSCode | Commodity | 2023 - 2024 | %Share | 2024 - 2025 | %Share | %Growth | 1 | 01 | LIVE ANIMALS. | 12.37 | 0.0028 | 19.70 | 0.0045 | 59.17 | India's Total Export | 437,072.03 |  | 437,704.58 |  | 0.14",2026-07-21
exports,2024,98,PROJECT GOODS; SOME SPECIAL USES.,24.83,16.69,-32.79,"S.No. | HSCode | Commodity | 2023 - 2024 | %Share | 2024 - 2025 | %Share | %Growth | 1 | 01 | LIVE ANIMALS. | 12.37 | 0.0028 | 19.70 | 0.0045 | 59.17 | India's Total Export | 437,072.03 |  | 437,704.58 |  | 0.14",2026-07-21
exports,2024,99,MISCELLANEOUS GOODS.,93.92,0.31,-99.67,"S.No. | HSCode | Commodity | 2023 - 2024 | %Share | 2024 - 2025 | %Share | %Growth | 1 | 01 | LIVE ANIMALS. | 12.37 | 0.0028 | 19.70 | 0.0045 | 59.17 | India's Total Export | 437,072.03 |  | 437,704.58 |  | 0.14",2026-07-21
imports,2024,02,MEAT AND EDIBLE MEAT OFFAL.,6.63,7.64,15.19,"S.No. | HSCode | Commodity | 2023 - 2024 | %Share | 2024 - 2025 | %Share | %Growth | 1 | 01 | LIVE ANIMALS. | 19.11 | 0.0028 | 26.24 | 0.0036 | 37.31 | India's Total Import | 678,214.77 |  | 721,200.22 |  | 6.34",2026-07-21
imports,2024,03,"FISH AND CRUSTACEANS, MOLLUSCS AND OTHER AQUATIC INVERTABRATES.",180.47,234.09,29.71,"S.No. | HSCode | Commodity | 2023 - 2024 | %Share | 2024 - 2025 | %Share | %Growth | 1 | 01 | LIVE ANIMALS. | 19.11 | 0.0028 | 26.24 | 0.0036 | 37.31 | India's Total Import | 678,214.77 |  | 721,200.22 |  | 6.34",2026-07-21
imports,2024,04,DAIRY PRODUCE; BIRDS' EGGS; NATURAL HONEY; EDIBLE PROD. OF ANIMAL O...,60.49,45.68,-24.49,"S.No. | HSCode | Commodity | 2023 - 2024 | %Share | 2024 - 2025 | %Share | %Growth | 1 | 01 | LIVE ANIMALS. | 19.11 | 0.0028 | 26.24 | 0.0036 | 37.31 | India's Total Import | 678,214.77 |  | 721,200.22 |  | 6.34",2026-07-21
imports,2024,05,"PRODUCTS OF ANIMAL ORIGIN, NOT ELSEWHERE SPECIFIED OR INCLUDED.",43.38,44.51,2.62,"S.No. | HSCode | Commodity | 2023 - 2024 | %Share | 2024 - 2025 | %Share | %Growth | 1 | 01 | LIVE ANIMALS. | 19.11 | 0.0028 | 26.24 | 0.0036 | 37.31 | India's Total Import | 678,214.77 |  | 721,200.22 |  | 6.34",2026-07-21
imports,2024,06,LIVE TREES AND OTHER PLANTS; BULBS; ROOTS AND THE LIKE; CUT FLOWERS...,34.95,66.49,90.25,"S.No. | HSCode | Commodity | 2023 - 2024 | %Share | 2024 - 2025 | %Share | %Growth | 1 | 01 | LIVE ANIMALS. | 19.11 | 0.0028 | 26.24 | 0.0036 | 37.31 | India's Total Import | 678,214.77 |  | 721,200.22 |  | 6.34",2026-07-21
imports,2024,07,EDIBLE VEGETABLES AND CERTAIN ROOTS AND TUBERS.,3832.14,5589.38,45.86,"S.No. | HSCode | Commodity | 2023 - 2024 | %Share | 2024 - 2025 | %Share | %Growth | 1 | 01 | LIVE ANIMALS. | 19.11 | 0.0028 | 26.24 | 0.0036 | 37.31 | India's Total Import | 678,214.77 |  | 721,200.22 |  | 6.34",2026-07-21
imports,2024,08,EDIBLE FRUIT AND NUTS; PEEL OR CITRUS FRUIT OR MELONS.,4191.62,4741.87,13.13,"S.No. | HSCode | Commodity | 2023 - 2024 | %Share | 2024 - 2025 | %Share | %Growth | 1 | 01 | LIVE ANIMALS. | 19.11 | 0.0028 | 26.24 | 0.0036 | 37.31 | India's Total Import | 678,214.77 |  | 721,200.22 |  | 6.34",2026-07-21
imports,2024,09,"COFFEE, TEA, MATE AND SPICES.",1135.48,1338.49,17.88,"S.No. | HSCode | Commodity | 2023 - 2024 | %Share | 2024 - 2025 | %Share | %Growth | 1 | 01 | LIVE ANIMALS. | 19.11 | 0.0028 | 26.24 | 0.0036 | 37.31 | India's Total Import | 678,214.77 |  | 721,200.22 |  | 6.34",2026-07-21
imports,2024,10,CEREALS.,133.14,395.99,197.43,"S.No. | HSCode | Commodity | 2023 - 2024 | %Share | 2024 - 2025 | %Share | %Growth | 1 | 01 | LIVE ANIMALS. | 19.11 | 0.0028 | 26.24 | 0.0036 | 37.31 | India's Total Import | 678,214.77 |  | 721,200.22 |  | 6.34",2026-07-21
imports,2024,11,PRODUCTS OF THE MILLING INDUSTRY; MALT; STARCHES; INULIN; WHEAT GLU...,91.52,109.09,19.2,"S.No. | HSCode | Commodity | 2023 - 2024 | %Share | 2024 - 2025 | %Share | %Growth | 1 | 01 | LIVE ANIMALS. | 19.11 | 0.0028 | 26.24 | 0.0036 | 37.31 | India's Total Import | 678,214.77 |  | 721,200.22 |  | 6.34",2026-07-21
imports,2024,12,"OIL SEEDS AND OLEA. FRUITS; MISC. GRAINS, SEEDS AND FRUIT; INDUSTRI...",1259.83,911.09,-27.68,"S.No. | HSCode | Commodity | 2023 - 2024 | %Share | 2024 - 2025 | %Share | %Growth | 1 | 01 | LIVE ANIMALS. | 19.11 | 0.0028 | 26.24 | 0.0036 | 37.31 | India's Total Import | 678,214.77 |  | 721,200.22 |  | 6.34",2026-07-21
imports,2024,13,"LAC; GUMS, RESINS AND OTHER VEGETABLE SAPS AND EXTRACTS.",365.48,394.83,8.03,"S.No. | HSCode | Commodity | 2023 - 2024 | %Share | 2024 - 2025 | %Share | %Growth | 1 | 01 | LIVE ANIMALS. | 19.11 | 0.0028 | 26.24 | 0.0036 | 37.31 | India's Total Import | 678,214.77 |  | 721,200.22 |  | 6.34",2026-07-21
imports,2024,14,VEGETABLE PLAITING MATERIALS; VEGETABLE PRODUCTS NOT ELSEWHERE SPEC...,109.31,127.34,16.49,"S.No. | HSCode | Commodity | 2023 - 2024 | %Share | 2024 - 2025 | %Share | %Growth | 1 | 01 | LIVE ANIMALS. | 19.11 | 0.0028 | 26.24 | 0.0036 | 37.31 | India's Total Import | 678,214.77 |  | 721,200.22 |  | 6.34",2026-07-21
imports,2024,15,ANIMAL OR VEGETABLE FATS AND OILS AND THEIR CLEAVAGE PRODUCTS; PRE....,15059.47,17591.64,16.81,"S.No. | HSCode | Commodity | 2023 - 2024 | %Share | 2024 - 2025 | %Share | %Growth | 1 | 01 | LIVE ANIMALS. | 19.11 | 0.0028 | 26.24 | 0.0036 | 37.31 | India's Total Import | 678,214.77 |  | 721,200.22 |  | 6.34",2026-07-21
imports,2024,16,"PREPARATIONS OF MEAT, OF FISH OR OF CRUSTACEANS, MOLLUSCS OR OTHER ...",9.39,8.16,-13.14,"S.No. | HSCode | Commodity | 2023 - 2024 | %Share | 2024 - 2025 | %Share | %Growth | 1 | 01 | LIVE ANIMALS. | 19.11 | 0.0028 | 26.24 | 0.0036 | 37.31 | India's Total Import | 678,214.77 |  | 721,200.22 |  | 6.34",2026-07-21
imports,2024,17,SUGARS AND SUGAR CONFECTIONERY.,2149.58,1547.05,-28.03,"S.No. | HSCode | Commodity | 2023 - 2024 | %Share | 2024 - 2025 | %Share | %Growth | 1 | 01 | LIVE ANIMALS. | 19.11 | 0.0028 | 26.24 | 0.0036 | 37.31 | India's Total Import | 678,214.77 |  | 721,200.22 |  | 6.34",2026-07-21
imports,2024,18,COCOA AND COCOA PREPARATIONS.,512.72,994.16,93.9,"S.No. | HSCode | Commodity | 2023 - 2024 | %Share | 2024 - 2025 | %Share | %Growth | 1 | 01 | LIVE ANIMALS. | 19.11 | 0.0028 | 26.24 | 0.0036 | 37.31 | India's Total Import | 678,214.77 |  | 721,200.22 |  | 6.34",2026-07-21
imports,2024,19,"PREPARATIONS OF CEREALS, FLOUR, STARCH OR MILK; PASTRYCOOKS PRODUCTS.",156.59,180.43,15.22,"S.No. | HSCode | Commodity | 2023 - 2024 | %Share | 2024 - 2025 | %Share | %Growth | 1 | 01 | LIVE ANIMALS. | 19.11 | 0.0028 | 26.24 | 0.0036 | 37.31 | India's Total Import | 678,214.77 |  | 721,200.22 |  | 6.34",2026-07-21
imports,2024,20,"PREPARATIONS OF VEGETABLES, FRUIT, NUTS OR OTHER PARTS OF PLANTS.",141.41,177.91,25.81,"S.No. | HSCode | Commodity | 2023 - 2024 | %Share | 2024 - 2025 | %Share | %Growth | 1 | 01 | LIVE ANIMALS. | 19.11 | 0.0028 | 26.24 | 0.0036 | 37.31 | India's Total Import | 678,214.77 |  | 721,200.22 |  | 6.34",2026-07-21
imports,2024,21,MISCELLANEOUS EDIBLE PREPARATIONS.,187.87,233.29,24.17,"S.No. | HSCode | Commodity | 2023 - 2024 | %Share | 2024 - 2025 | %Share | %Growth | 1 | 01 | LIVE ANIMALS. | 19.11 | 0.0028 | 26.24 | 0.0036 | 37.31 | India's Total Import | 678,214.77 |  | 721,200.22 |  | 6.34",2026-07-21
imports,2024,22,"BEVERAGES, SPIRITS AND VINEGAR.",1541.85,1373.21,-10.94,"S.No. | HSCode | Commodity | 2023 - 2024 | %Share | 2024 - 2025 | %Share | %Growth | 1 | 01 | LIVE ANIMALS. | 19.11 | 0.0028 | 26.24 | 0.0036 | 37.31 | India's Total Import | 678,214.77 |  | 721,200.22 |  | 6.34",2026-07-21
imports,2024,23,RESIDUES AND WASTE FROM THE FOOD INDUSTRIES; PREPARED ANIMAL FODER.,645.05,699.54,8.45,"S.No. | HSCode | Commodity | 2023 - 2024 | %Share | 2024 - 2025 | %Share | %Growth | 1 | 01 | LIVE ANIMALS. | 19.11 | 0.0028 | 26.24 | 0.0036 | 37.31 | India's Total Import | 678,214.77 |  | 721,200.22 |  | 6.34",2026-07-21
imports,2024,24,TOBACCO AND MANUFACTURED TOBACCO SUBSTITUTES.,103.79,117.11,12.83,"S.No. | HSCode | Commodity | 2023 - 2024 | %Share | 2024 - 2025 | %Share | %Growth | 1 | 01 | LIVE ANIMALS. | 19.11 | 0.0028 | 26.24 | 0.0036 | 37.31 | India's Total Import | 678,214.77 |  | 721,200.22 |  | 6.34",2026-07-21
imports,2024,25,"SALT; SULPHUR; EARTHS AND STONE; PLASTERING MATERIALS, LIME AND CEM...",4255.47,4974.42,16.89,"S.No. | HSCode | Commodity | 2023 - 2024 | %Share | 2024 - 2025 | %Share | %Growth | 1 | 01 | LIVE ANIMALS. | 19.11 | 0.0028 | 26.24 | 0.0036 | 37.31 | India's Total Import | 678,214.77 |  | 721,200.22 |  | 6.34",2026-07-21
imports,2024,26,"ORES, SLAG AND ASH.",5987.74,7232.22,20.78,"S.No. | HSCode | Commodity | 2023 - 2024 | %Share | 2024 - 2025 | %Share | %Growth | 1 | 01 | LIVE ANIMALS. | 19.11 | 0.0028 | 26.24 | 0.0036 | 37.31 | India's Total Import | 678,214.77 |  | 721,200.22 |  | 6.34",2026-07-21
imports,2024,27,"MINERAL FUELS, MINERAL OILS AND PRODUCTS OF THEIR DISTILLATION; BIT...",219053.65,218456.02,-0.27,"S.No. | HSCode | Commodity | 2023 - 2024 | %Share | 2024 - 2025 | %Share | %Growth | 1 | 01 | LIVE ANIMALS. | 19.11 | 0.0028 | 26.24 | 0.0036 | 37.31 | India's Total Import | 678,214.77 |  | 721,200.22 |  | 6.34",2026-07-21
imports,2024,28,INORGANIC CHEMICALS; ORGANIC OR INORGANIC COMPOUNDS OF PRECIOUS MET...,9142.42,11377.08,24.44,"S.No. | HSCode | Commodity | 2023 - 2024 | %Share | 2024 - 2025 | %Share | %Growth | 1 | 01 | LIVE ANIMALS. | 19.11 | 0.0028 | 26.24 | 0.0036 | 37.31 | India's Total Import | 678,214.77 |  | 721,200.22 |  | 6.34",2026-07-21
imports,2024,29,ORGANIC CHEMICALS,26745.09,26590.54,-0.58,"S.No. | HSCode | Commodity | 2023 - 2024 | %Share | 2024 - 2025 | %Share | %Growth | 1 | 01 | LIVE ANIMALS. | 19.11 | 0.0028 | 26.24 | 0.0036 | 37.31 | India's Total Import | 678,214.77 |  | 721,200.22 |  | 6.34",2026-07-21
imports,2024,30,PHARMACEUTICAL PRODUCTS,2584.67,2980.96,15.33,"S.No. | HSCode | Commodity | 2023 - 2024 | %Share | 2024 - 2025 | %Share | %Growth | 1 | 01 | LIVE ANIMALS. | 19.11 | 0.0028 | 26.24 | 0.0036 | 37.31 | India's Total Import | 678,214.77 |  | 721,200.22 |  | 6.34",2026-07-21
imports,2024,31,FERTILISERS.,8923.73,8285.1,-7.16,"S.No. | HSCode | Commodity | 2023 - 2024 | %Share | 2024 - 2025 | %Share | %Growth | 1 | 01 | LIVE ANIMALS. | 19.11 | 0.0028 | 26.24 | 0.0036 | 37.31 | India's Total Import | 678,214.77 |  | 721,200.22 |  | 6.34",2026-07-21
imports,2024,32,"TANNING OR DYEING EXTRACTS; TANNINS AND THEIR DERI. DYES, PIGMENTS ...",3638.66,2873.61,-21.03,"S.No. | HSCode | Commodity | 2023 - 2024 | %Share | 2024 - 2025 | %Share | %Growth | 1 | 01 | LIVE ANIMALS. | 19.11 | 0.0028 | 26.24 | 0.0036 | 37.31 | India's Total Import | 678,214.77 |  | 721,200.22 |  | 6.34",2026-07-21
imports,2024,33,"ESSENTIAL OILS AND RESINOIDS; PERFUMERY, COSMETIC OR TOILET PREPARA...",2099.46,1410.76,-32.8,"S.No. | HSCode | Commodity | 2023 - 2024 | %Share | 2024 - 2025 | %Share | %Growth | 1 | 01 | LIVE ANIMALS. | 19.11 | 0.0028 | 26.24 | 0.0036 | 37.31 | India's Total Import | 678,214.77 |  | 721,200.22 |  | 6.34",2026-07-21
imports,2024,34,"SOAP, ORGANIC SURFACE-ACTIVE AGENTS, WASHING PREPARATIONS, LUBRICAT...",1193.35,1475.17,23.62,"S.No. | HSCode | Commodity | 2023 - 2024 | %Share | 2024 - 2025 | %Share | %Growth | 1 | 01 | LIVE ANIMALS. | 19.11 | 0.0028 | 26.24 | 0.0036 | 37.31 | India's Total Import | 678,214.77 |  | 721,200.22 |  | 6.34",2026-07-21
imports,2024,35,ALBUMINOIDAL SUBSTANCES; MODIFIED STARCHES; GLUES; ENZYMES.,853.44,973.58,14.08,"S.No. | HSCode | Commodity | 2023 - 2024 | %Share | 2024 - 2025 | %Share | %Growth | 1 | 01 | LIVE ANIMALS. | 19.11 | 0.0028 | 26.24 | 0.0036 | 37.31 | India's Total Import | 678,214.77 |  | 721,200.22 |  | 6.34",2026-07-21
imports,2024,36,EXPLOSIVES; PYROTECHNIC PRODUCTS; MATCHES; PYROPHORIC ALLOYS; CERTA...,20.54,23.58,14.8,"S.No. | HSCode | Commodity | 2023 - 2024 | %Share | 2024 - 2025 | %Share | %Growth | 1 | 01 | LIVE ANIMALS. | 19.11 | 0.0028 | 26.24 | 0.0036 | 37.31 | India's Total Import | 678,214.77 |  | 721,200.22 |  | 6.34",2026-07-21
imports,2024,37,PHOTOGRAPHIC OR CINEMATOGRAPHIC GOODS.,215.69,234.39,8.67,"S.No. | HSCode | Commodity | 2023 - 2024 | %Share | 2024 - 2025 | %Share | %Growth | 1 | 01 | LIVE ANIMALS. | 19.11 | 0.0028 | 26.24 | 0.0036 | 37.31 | India's Total Import | 678,214.77 |  | 721,200.22 |  | 6.34",2026-07-21
imports,2024,38,MISCELLANEOUS CHEMICAL PRODUCTS.,7429.97,8013.56,7.85,"S.No. | HSCode | Commodity | 2023 - 2024 | %Share | 2024 - 2025 | %Share | %Growth | 1 | 01 | LIVE ANIMALS. | 19.11 | 0.0028 | 26.24 | 0.0036 | 37.31 | India's Total Import | 678,214.77 |  | 721,200.22 |  | 6.34",2026-07-21
imports,2024,39,PLASTIC AND ARTICLES THEREOF.,21830.6,22116.05,1.31,"S.No. | HSCode | Commodity | 2023 - 2024 | %Share | 2024 - 2025 | %Share | %Growth | 1 | 01 | LIVE ANIMALS. | 19.11 | 0.0028 | 26.24 | 0.0036 | 37.31 | India's Total Import | 678,214.77 |  | 721,200.22 |  | 6.34",2026-07-21
imports,2024,40,RUBBER AND ARTICLES THEREOF.,3914.05,4633.14,18.37,"S.No. | HSCode | Commodity | 2023 - 2024 | %Share | 2024 - 2025 | %Share | %Growth | 1 | 01 | LIVE ANIMALS. | 19.11 | 0.0028 | 26.24 | 0.0036 | 37.31 | India's Total Import | 678,214.77 |  | 721,200.22 |  | 6.34",2026-07-21
imports,2024,41,RAW HIDES AND SKINS (OTHER THAN FURSKINS) AND LEATHER,400.99,425.92,6.22,"S.No. | HSCode | Commodity | 2023 - 2024 | %Share | 2024 - 2025 | %Share | %Growth | 1 | 01 | LIVE ANIMALS. | 19.11 | 0.0028 | 26.24 | 0.0036 | 37.31 | India's Total Import | 678,214.77 |  | 721,200.22 |  | 6.34",2026-07-21
imports,2024,42,"ARTICLES OF LEATHER,SADDLERY AND HARNESS;TRAVEL GOODS, HANDBAGS AND...",508.5,506.65,-0.36,"S.No. | HSCode | Commodity | 2023 - 2024 | %Share | 2024 - 2025 | %Share | %Growth | 1 | 01 | LIVE ANIMALS. | 19.11 | 0.0028 | 26.24 | 0.0036 | 37.31 | India's Total Import | 678,214.77 |  | 721,200.22 |  | 6.34",2026-07-21
imports,2024,43,"FURSKINS AND ARTIFICIAL FUR, MANUFACTURES THEREOF.",6.24,6.48,3.84,"S.No. | HSCode | Commodity | 2023 - 2024 | %Share | 2024 - 2025 | %Share | %Growth | 1 | 01 | LIVE ANIMALS. | 19.11 | 0.0028 | 26.24 | 0.0036 | 37.31 | India's Total Import | 678,214.77 |  | 721,200.22 |  | 6.34",2026-07-21
imports,2024,44,WOOD AND ARTICLES OF WOOD; WOOD CHARCOAL.,2276.39,2630.16,15.54,"S.No. | HSCode | Commodity | 2023 - 2024 | %Share | 2024 - 2025 | %Share | %Growth | 1 | 01 | LIVE ANIMALS. | 19.11 | 0.0028 | 26.24 | 0.0036 | 37.31 | India's Total Import | 678,214.77 |  | 721,200.22 |  | 6.34",2026-07-21
imports,2024,45,CORK AND ARTICLES OF CORK.,11.65,12.4,6.5,"S.No. | HSCode | Commodity | 2023 - 2024 | %Share | 2024 - 2025 | %Share | %Growth | 1 | 01 | LIVE ANIMALS. | 19.11 | 0.0028 | 26.24 | 0.0036 | 37.31 | India's Total Import | 678,214.77 |  | 721,200.22 |  | 6.34",2026-07-21
imports,2024,46,"MANUFACTURES OF STRAW, OF ESPARTO OR OF OTHER PLAITING MATERIALS; B...",8.91,9.48,6.35,"S.No. | HSCode | Commodity | 2023 - 2024 | %Share | 2024 - 2025 | %Share | %Growth | 1 | 01 | LIVE ANIMALS. | 19.11 | 0.0028 | 26.24 | 0.0036 | 37.31 | India's Total Import | 678,214.77 |  | 721,200.22 |  | 6.34",2026-07-21
imports,2024,47,PULP OF WOOD OR OF OTHER FIBROUS CELLULOSIC MATERIAL; WASTE AND SCR...,3137.29,3247.45,3.51,"S.No. | HSCode | Commodity | 2023 - 2024 | %Share | 2024 - 2025 | %Share | %Growth | 1 | 01 | LIVE ANIMALS. | 19.11 | 0.0028 | 26.24 | 0.0036 | 37.31 | India's Total Import | 678,214.77 |  | 721,200.22 |  | 6.34",2026-07-21
imports,2024,48,"PAPER AND PAPERBOARD; ARTICLES OF PAPER PULP, OF PAPER OR OF PAPERB...",3018.23,3271.47,8.39,"S.No. | HSCode | Commodity | 2023 - 2024 | %Share | 2024 - 2025 | %Share | %Growth | 1 | 01 | LIVE ANIMALS. | 19.11 | 0.0028 | 26.24 | 0.0036 | 37.31 | India's Total Import | 678,214.77 |  | 721,200.22 |  | 6.34",2026-07-21
imports,2024,49,"PRINTED BOOKDS, NEWSPAPERS, PICTURES AND OTHER PRODUCTS OF THE PRIN...",301.38,230.15,-23.63,"S.No. | HSCode | Commodity | 2023 - 2024 | %Share | 2024 - 2025 | %Share | %Growth | 1 | 01 | LIVE ANIMALS. | 19.11 | 0.0028 | 26.24 | 0.0036 | 37.31 | India's Total Import | 678,214.77 |  | 721,200.22 |  | 6.34",2026-07-21
imports,2024,50,SILK,208.54,176.96,-15.15,"S.No. | HSCode | Commodity | 2023 - 2024 | %Share | 2024 - 2025 | %Share | %Growth | 1 | 01 | LIVE ANIMALS. | 19.11 | 0.0028 | 26.24 | 0.0036 | 37.31 | India's Total Import | 678,214.77 |  | 721,200.22 |  | 6.34",2026-07-21
imports,2024,51,"WOOL, FINE OR COARSE ANIMAL HAIR, HORSEHAIR YARN AND WOVEN FABRIC.",307.51,292.25,-4.96,"S.No. | HSCode | Commodity | 2023 - 2024 | %Share | 2024 - 2025 | %Share | %Growth | 1 | 01 | LIVE ANIMALS. | 19.11 | 0.0028 | 26.24 | 0.0036 | 37.31 | India's Total Import | 678,214.77 |  | 721,200.22 |  | 6.34",2026-07-21
imports,2024,52,COTTON.,791.01,1418.55,79.33,"S.No. | HSCode | Commodity | 2023 - 2024 | %Share | 2024 - 2025 | %Share | %Growth | 1 | 01 | LIVE ANIMALS. | 19.11 | 0.0028 | 26.24 | 0.0036 | 37.31 | India's Total Import | 678,214.77 |  | 721,200.22 |  | 6.34",2026-07-21
imports,2024,53,OTHER VEGETABLE TEXTILE FIBRES; PAPER YARN AND WOVEN FABRICS OF PAP...,625.17,672.73,7.61,"S.No. | HSCode | Commodity | 2023 - 2024 | %Share | 2024 - 2025 | %Share | %Growth | 1 | 01 | LIVE ANIMALS. | 19.11 | 0.0028 | 26.24 | 0.0036 | 37.31 | India's Total Import | 678,214.77 |  | 721,200.22 |  | 6.34",2026-07-21
imports,2024,54,MAN-MADE FILAMENTS.,1656.2,1514.46,-8.56,"S.No. | HSCode | Commodity | 2023 - 2024 | %Share | 2024 - 2025 | %Share | %Growth | 1 | 01 | LIVE ANIMALS. | 19.11 | 0.0028 | 26.24 | 0.0036 | 37.31 | India's Total Import | 678,214.77 |  | 721,200.22 |  | 6.34",2026-07-21
imports,2024,55,MAN-MADE STAPLE FIBRES.,900.96,840.14,-6.75,"S.No. | HSCode | Commodity | 2023 - 2024 | %Share | 2024 - 2025 | %Share | %Growth | 1 | 01 | LIVE ANIMALS. | 19.11 | 0.0028 | 26.24 | 0.0036 | 37.31 | India's Total Import | 678,214.77 |  | 721,200.22 |  | 6.34",2026-07-21
imports,2024,56,"WADDING, FELT AND NONWOVENS; SPACIAL YARNS; TWINE, CORDAGE, ROPES A...",418.78,474.56,13.32,"S.No. | HSCode | Commodity | 2023 - 2024 | %Share | 2024 - 2025 | %Share | %Growth | 1 | 01 | LIVE ANIMALS. | 19.11 | 0.0028 | 26.24 | 0.0036 | 37.31 | India's Total Import | 678,214.77 |  | 721,200.22 |  | 6.34",2026-07-21
imports,2024,57,CARPETS AND OTHER TEXTILE FLOOR COVERINGS.,157.4,174.33,10.75,"S.No. | HSCode | Commodity | 2023 - 2024 | %Share | 2024 - 2025 | %Share | %Growth | 1 | 01 | LIVE ANIMALS. | 19.11 | 0.0028 | 26.24 | 0.0036 | 37.31 | India's Total Import | 678,214.77 |  | 721,200.22 |  | 6.34",2026-07-21
imports,2024,58,SPECIAL WOVEN FABRICS; TUFTED TEXTILE FABRICS; LACE; TAPESTRIES; TR...,199.56,227.67,14.09,"S.No. | HSCode | Commodity | 2023 - 2024 | %Share | 2024 - 2025 | %Share | %Growth | 1 | 01 | LIVE ANIMALS. | 19.11 | 0.0028 | 26.24 | 0.0036 | 37.31 | India's Total Import | 678,214.77 |  | 721,200.22 |  | 6.34",2026-07-21
imports,2024,59,"IMPREGNATED, COATED, COVERED OR LAMINATED TEXTILE FABRICS; TEXTILE ...",772.28,808.56,4.7,"S.No. | HSCode | Commodity | 2023 - 2024 | %Share | 2024 - 2025 | %Share | %Growth | 1 | 01 | LIVE ANIMALS. | 19.11 | 0.0028 | 26.24 | 0.0036 | 37.31 | India's Total Import | 678,214.77 |  | 721,200.22 |  | 6.34",2026-07-21
imports,2024,60,KNITTED OR CROCHETED FABRICS.,728.08,894.11,22.8,"S.No. | HSCode | Commodity | 2023 - 2024 | %Share | 2024 - 2025 | %Share | %Growth | 1 | 01 | LIVE ANIMALS. | 19.11 | 0.0028 | 26.24 | 0.0036 | 37.31 | India's Total Import | 678,214.77 |  | 721,200.22 |  | 6.34",2026-07-21
imports,2024,61,"ARTICLES OF APPAREL AND CLOTHING ACCESSORIES, KNITTED OR CORCHETED.",637.75,730.6,14.56,"S.No. | HSCode | Commodity | 2023 - 2024 | %Share | 2024 - 2025 | %Share | %Growth | 1 | 01 | LIVE ANIMALS. | 19.11 | 0.0028 | 26.24 | 0.0036 | 37.31 | India's Total Import | 678,214.77 |  | 721,200.22 |  | 6.34",2026-07-21
imports,2024,62,"ARTICLES OF APPAREL AND CLOTHING ACCESSORIES, NOT KNITTED OR CROCHE...",850.89,911.96,7.18,"S.No. | HSCode | Commodity | 2023 - 2024 | %Share | 2024 - 2025 | %Share | %Growth | 1 | 01 | LIVE ANIMALS. | 19.11 | 0.0028 | 26.24 | 0.0036 | 37.31 | India's Total Import | 678,214.77 |  | 721,200.22 |  | 6.34",2026-07-21
imports,2024,63,OTHER MADE UP TEXTILE ARTICLES; SETS; WORN CLOTHING AND WORN TEXTIL...,641.38,635.56,-0.91,"S.No. | HSCode | Commodity | 2023 - 2024 | %Share | 2024 - 2025 | %Share | %Growth | 1 | 01 | LIVE ANIMALS. | 19.11 | 0.0028 | 26.24 | 0.0036 | 37.31 | India's Total Import | 678,214.77 |  | 721,200.22 |  | 6.34",2026-07-21
imports,2024,64,"FOOTWEAR, GAITERS AND THE LIKE; PARTS OF SUCH ARTICLES.",723.82,679.23,-6.16,"S.No. | HSCode | Commodity | 2023 - 2024 | %Share | 2024 - 2025 | %Share | %Growth | 1 | 01 | LIVE ANIMALS. | 19.11 | 0.0028 | 26.24 | 0.0036 | 37.31 | India's Total Import | 678,214.77 |  | 721,200.22 |  | 6.34",2026-07-21
imports,2024,65,HEADGEAR AND PARTS THEREOF.,44.65,42.67,-4.43,"S.No. | HSCode | Commodity | 2023 - 2024 | %Share | 2024 - 2025 | %Share | %Growth | 1 | 01 | LIVE ANIMALS. | 19.11 | 0.0028 | 26.24 | 0.0036 | 37.31 | India's Total Import | 678,214.77 |  | 721,200.22 |  | 6.34",2026-07-21
imports,2024,66,"UMBRELLAS, SUN UMBRELLAS, WALKING-STICKS, SEAT-STICKS, WHIPS,RIDING...",49.91,52.21,4.61,"S.No. | HSCode | Commodity | 2023 - 2024 | %Share | 2024 - 2025 | %Share | %Growth | 1 | 01 | LIVE ANIMALS. | 19.11 | 0.0028 | 26.24 | 0.0036 | 37.31 | India's Total Import | 678,214.77 |  | 721,200.22 |  | 6.34",2026-07-21
imports,2024,67,PREPARED FEATHERS AND DOWN AND ARTICLES MADE OF FEATHERS OR OF DOWN...,45.96,34.58,-24.76,"S.No. | HSCode | Commodity | 2023 - 2024 | %Share | 2024 - 2025 | %Share | %Growth | 1 | 01 | LIVE ANIMALS. | 19.11 | 0.0028 | 26.24 | 0.0036 | 37.31 | India's Total Import | 678,214.77 |  | 721,200.22 |  | 6.34",2026-07-21
imports,2024,68,"ARTICLES OF STONE, PLASTER, CEMENT, ASBESTOS, MICA OR SIMILAR MATER...",1010.89,1070.82,5.93,"S.No. | HSCode | Commodity | 2023 - 2024 | %Share | 2024 - 2025 | %Share | %Growth | 1 | 01 | LIVE ANIMALS. | 19.11 | 0.0028 | 26.24 | 0.0036 | 37.31 | India's Total Import | 678,214.77 |  | 721,200.22 |  | 6.34",2026-07-21
imports,2024,69,CERAMIC PRODUCTS.,966.86,964.27,-0.27,"S.No. | HSCode | Commodity | 2023 - 2024 | %Share | 2024 - 2025 | %Share | %Growth | 1 | 01 | LIVE ANIMALS. | 19.11 | 0.0028 | 26.24 | 0.0036 | 37.31 | India's Total Import | 678,214.77 |  | 721,200.22 |  | 6.34",2026-07-21
imports,2024,70,GLASS AND GLASSWARE.,1783.66,2198.49,23.26,"S.No. | HSCode | Commodity | 2023 - 2024 | %Share | 2024 - 2025 | %Share | %Growth | 1 | 01 | LIVE ANIMALS. | 19.11 | 0.0028 | 26.24 | 0.0036 | 37.31 | India's Total Import | 678,214.77 |  | 721,200.22 |  | 6.34",2026-07-21
imports,2024,71,"NATURAL OR CULTURED PEARLS,PRECIOUS OR SEMIPRECIOUS STONES,PRE.META...",78473.55,88975.66,13.38,"S.No. | HSCode | Commodity | 2023 - 2024 | %Share | 2024 - 2025 | %Share | %Growth | 1 | 01 | LIVE ANIMALS. | 19.11 | 0.0028 | 26.24 | 0.0036 | 37.31 | India's Total Import | 678,214.77 |  | 721,200.22 |  | 6.34",2026-07-21
imports,2024,72,IRON AND STEEL,18645.68,17400.28,-6.68,"S.No. | HSCode | Commodity | 2023 - 2024 | %Share | 2024 - 2025 | %Share | %Growth | 1 | 01 | LIVE ANIMALS. | 19.11 | 0.0028 | 26.24 | 0.0036 | 37.31 | India's Total Import | 678,214.77 |  | 721,200.22 |  | 6.34",2026-07-21
imports,2024,73,ARTICLES OF IRON OR STEEL,5112.65,5259.24,2.87,"S.No. | HSCode | Commodity | 2023 - 2024 | %Share | 2024 - 2025 | %Share | %Growth | 1 | 01 | LIVE ANIMALS. | 19.11 | 0.0028 | 26.24 | 0.0036 | 37.31 | India's Total Import | 678,214.77 |  | 721,200.22 |  | 6.34",2026-07-21
imports,2024,74,COPPER AND ARTICLES THEREOF.,9234.76,10759.81,16.51,"S.No. | HSCode | Commodity | 2023 - 2024 | %Share | 2024 - 2025 | %Share | %Growth | 1 | 01 | LIVE ANIMALS. | 19.11 | 0.0028 | 26.24 | 0.0036 | 37.31 | India's Total Import | 678,214.77 |  | 721,200.22 |  | 6.34",2026-07-21
imports,2024,75,NICKEL AND ARTICLES THEREOF.,1341.31,1236.53,-7.81,"S.No. | HSCode | Commodity | 2023 - 2024 | %Share | 2024 - 2025 | %Share | %Growth | 1 | 01 | LIVE ANIMALS. | 19.11 | 0.0028 | 26.24 | 0.0036 | 37.31 | India's Total Import | 678,214.77 |  | 721,200.22 |  | 6.34",2026-07-21
imports,2024,76,ALUMINIUM AND ARTICLES THEREOF.,6864.14,8272.99,20.52,"S.No. | HSCode | Commodity | 2023 - 2024 | %Share | 2024 - 2025 | %Share | %Growth | 1 | 01 | LIVE ANIMALS. | 19.11 | 0.0028 | 26.24 | 0.0036 | 37.31 | India's Total Import | 678,214.77 |  | 721,200.22 |  | 6.34",2026-07-21
imports,2024,78,LEAD AND ARTICLES THEREOF.,1093.38,1279.63,17.03,"S.No. | HSCode | Commodity | 2023 - 2024 | %Share | 2024 - 2025 | %Share | %Growth | 1 | 01 | LIVE ANIMALS. | 19.11 | 0.0028 | 26.24 | 0.0036 | 37.31 | India's Total Import | 678,214.77 |  | 721,200.22 |  | 6.34",2026-07-21
imports,2024,79,ZINC AND ARTICLES THEREOF.,779.8,822.1,5.42,"S.No. | HSCode | Commodity | 2023 - 2024 | %Share | 2024 - 2025 | %Share | %Growth | 1 | 01 | LIVE ANIMALS. | 19.11 | 0.0028 | 26.24 | 0.0036 | 37.31 | India's Total Import | 678,214.77 |  | 721,200.22 |  | 6.34",2026-07-21
imports,2024,80,TIN AND ARTICLES THEREOF.,338.88,494.65,45.97,"S.No. | HSCode | Commodity | 2023 - 2024 | %Share | 2024 - 2025 | %Share | %Growth | 1 | 01 | LIVE ANIMALS. | 19.11 | 0.0028 | 26.24 | 0.0036 | 37.31 | India's Total Import | 678,214.77 |  | 721,200.22 |  | 6.34",2026-07-21
imports,2024,81,OTHER BASE METALS; CERMETS; ARTICLES THEREOF.,665.48,679.11,2.05,"S.No. | HSCode | Commodity | 2023 - 2024 | %Share | 2024 - 2025 | %Share | %Growth | 1 | 01 | LIVE ANIMALS. | 19.11 | 0.0028 | 26.24 | 0.0036 | 37.31 | India's Total Import | 678,214.77 |  | 721,200.22 |  | 6.34",2026-07-21
imports,2024,82,"TOOLS IMPLEMENTS, CUTLERY, SPOONS AND FORKS, OF BASE METAL; PARTS T...",1360.67,1491.02,9.58,"S.No. | HSCode | Commodity | 2023 - 2024 | %Share | 2024 - 2025 | %Share | %Growth | 1 | 01 | LIVE ANIMALS. | 19.11 | 0.0028 | 26.24 | 0.0036 | 37.31 | India's Total Import | 678,214.77 |  | 721,200.22 |  | 6.34",2026-07-21
imports,2024,83,MISCELLANEOUS ARTICLES OF BASE METAL.,1206.07,1258.64,4.36,"S.No. | HSCode | Commodity | 2023 - 2024 | %Share | 2024 - 2025 | %Share | %Growth | 1 | 01 | LIVE ANIMALS. | 19.11 | 0.0028 | 26.24 | 0.0036 | 37.31 | India's Total Import | 678,214.77 |  | 721,200.22 |  | 6.34",2026-07-21
imports,2024,84,"NUCLEAR REACTORS, BOILERS, MACHINERY AND MECHANICAL APPLIANCES; PAR...",57408.94,64302.12,12.01,"S.No. | HSCode | Commodity | 2023 - 2024 | %Share | 2024 - 2025 | %Share | %Growth | 1 | 01 | LIVE ANIMALS. | 19.11 | 0.0028 | 26.24 | 0.0036 | 37.31 | India's Total Import | 678,214.77 |  | 721,200.22 |  | 6.34",2026-07-21
imports,2024,85,ELECTRICAL MACHINERY AND EQUIPMENT AND PARTS THEREOF; SOUND RECORDE...,79300.69,88596.42,11.72,"S.No. | HSCode | Commodity | 2023 - 2024 | %Share | 2024 - 2025 | %Share | %Growth | 1 | 01 | LIVE ANIMALS. | 19.11 | 0.0028 | 26.24 | 0.0036 | 37.31 | India's Total Import | 678,214.77 |  | 721,200.22 |  | 6.34",2026-07-21
imports,2024,86,"RAILWAY OR TRAMWAY LOCOMOTIVES, ROLLING-STOCK AND PARTS THEREOF; RA...",776.69,748.25,-3.66,"S.No. | HSCode | Commodity | 2023 - 2024 | %Share | 2024 - 2025 | %Share | %Growth | 1 | 01 | LIVE ANIMALS. | 19.11 | 0.0028 | 26.24 | 0.0036 | 37.31 | India's Total Import | 678,214.77 |  | 721,200.22 |  | 6.34",2026-07-21
imports,2024,87,"VEHICLES OTHER THAN RAILWAY OR TRAMWAY ROLLING STOCK, AND PARTS AND...",7609.79,8259.18,8.53,"S.No. | HSCode | Commodity | 2023 - 2024 | %Share | 2024 - 2025 | %Share | %Growth | 1 | 01 | LIVE ANIMALS. | 19.11 | 0.0028 | 26.24 | 0.0036 | 37.31 | India's Total Import | 678,214.77 |  | 721,200.22 |  | 6.34",2026-07-21
imports,2024,88,"AIRCRAFT, SPACECRAFT, AND PARTS THEREOF.",12697.54,13911.59,9.56,"S.No. | HSCode | Commodity | 2023 - 2024 | %Share | 2024 - 2025 | %Share | %Growth | 1 | 01 | LIVE ANIMALS. | 19.11 | 0.0028 | 26.24 | 0.0036 | 37.31 | India's Total Import | 678,214.77 |  | 721,200.22 |  | 6.34",2026-07-21
imports,2024,89,"SHIPS, BOATS AND FLOATING STRUCTURES.",3747.12,4626.99,23.48,"S.No. | HSCode | Commodity | 2023 - 2024 | %Share | 2024 - 2025 | %Share | %Growth | 1 | 01 | LIVE ANIMALS. | 19.11 | 0.0028 | 26.24 | 0.0036 | 37.31 | India's Total Import | 678,214.77 |  | 721,200.22 |  | 6.34",2026-07-21
imports,2024,90,"OPTICAL, PHOTOGRAPHIC CINEMATOGRAPHIC MEASURING, CHECKING PRECISION...",12922.25,13842.14,7.12,"S.No. | HSCode | Commodity | 2023 - 2024 | %Share | 2024 - 2025 | %Share | %Growth | 1 | 01 | LIVE ANIMALS. | 19.11 | 0.0028 | 26.24 | 0.0036 | 37.31 | India's Total Import | 678,214.77 |  | 721,200.22 |  | 6.34",2026-07-21
imports,2024,91,CLOCKS AND WATCHES AND PARTS THEREOF.,579.53,654.58,12.95,"S.No. | HSCode | Commodity | 2023 - 2024 | %Share | 2024 - 2025 | %Share | %Growth | 1 | 01 | LIVE ANIMALS. | 19.11 | 0.0028 | 26.24 | 0.0036 | 37.31 | India's Total Import | 678,214.77 |  | 721,200.22 |  | 6.34",2026-07-21
imports,2024,92,MUSICAL INSTRUMENTS; PARTS AND ACCESSORIES OF SUCH ARTICLES.,67.94,76.02,11.89,"S.No. | HSCode | Commodity | 2023 - 2024 | %Share | 2024 - 2025 | %Share | %Growth | 1 | 01 | LIVE ANIMALS. | 19.11 | 0.0028 | 26.24 | 0.0036 | 37.31 | India's Total Import | 678,214.77 |  | 721,200.22 |  | 6.34",2026-07-21
imports,2024,93,ARMS AND AMMUNITION; PARTS AND ACCESSORIES THEREOF.,144.46,118.56,-17.93,"S.No. | HSCode | Commodity | 2023 - 2024 | %Share | 2024 - 2025 | %Share | %Growth | 1 | 01 | LIVE ANIMALS. | 19.11 | 0.0028 | 26.24 | 0.0036 | 37.31 | India's Total Import | 678,214.77 |  | 721,200.22 |  | 6.34",2026-07-21
imports,2024,94,"FURNITURE; BEDDING, MATTRESSES, MATTRESS SUPPORTS, CUSHIONS AND SIM...",1591.22,1718.6,8.01,"S.No. | HSCode | Commodity | 2023 - 2024 | %Share | 2024 - 2025 | %Share | %Growth | 1 | 01 | LIVE ANIMALS. | 19.11 | 0.0028 | 26.24 | 0.0036 | 37.31 | India's Total Import | 678,214.77 |  | 721,200.22 |  | 6.34",2026-07-21
imports,2024,95,"TOYS, GAMES AND SPORTS REQUISITES; PARTS AND ACCESSORIES THEREOF.",517.6,544.93,5.28,"S.No. | HSCode | Commodity | 2023 - 2024 | %Share | 2024 - 2025 | %Share | %Growth | 1 | 01 | LIVE ANIMALS. | 19.11 | 0.0028 | 26.24 | 0.0036 | 37.31 | India's Total Import | 678,214.77 |  | 721,200.22 |  | 6.34",2026-07-21
imports,2024,96,MISCELLANEOUS MANUFACTURED ARTICLES.,739.95,671.66,-9.23,"S.No. | HSCode | Commodity | 2023 - 2024 | %Share | 2024 - 2025 | %Share | %Growth | 1 | 01 | LIVE ANIMALS. | 19.11 | 0.0028 | 26.24 | 0.0036 | 37.31 | India's Total Import | 678,214.77 |  | 721,200.22 |  | 6.34",2026-07-21
imports,2024,97,WORKS OF ART COLLECTORS' PIECES AND ANTIQUES.,466.09,269.64,-42.15,"S.No. | HSCode | Commodity | 2023 - 2024 | %Share | 2024 - 2025 | %Share | %Growth | 1 | 01 | LIVE ANIMALS. | 19.11 | 0.0028 | 26.24 | 0.0036 | 37.31 | India's Total Import | 678,214.77 |  | 721,200.22 |  | 6.34",2026-07-21
imports,2024,98,PROJECT GOODS; SOME SPECIAL USES.,1467.73,1163.12,-20.75,"S.No. | HSCode | Commodity | 2023 - 2024 | %Share | 2024 - 2025 | %Share | %Growth | 1 | 01 | LIVE ANIMALS. | 19.11 | 0.0028 | 26.24 | 0.0036 | 37.31 | India's Total Import | 678,214.77 |  | 721,200.22 |  | 6.34",2026-07-21
imports,2024,99,MISCELLANEOUS GOODS.,10.23,6.51,-36.38,"S.No. | HSCode | Commodity | 2023 - 2024 | %Share | 2024 - 2025 | %Share | %Growth | 1 | 01 | LIVE ANIMALS. | 19.11 | 0.0028 | 26.24 | 0.0036 | 37.31 | India's Total Import | 678,214.77 |  | 721,200.22 |  | 6.34",2026-07-21
